<xml>
	<object name="HwVbrain" singleinstance="true" settings="true" category="HardwareSettings">
		<description>Selection of optional hardware configurations.</description>

		<field name="RcvrPort" units="function" type="enum" elements="1" options="Disabled,PWM,PPM,PPM+Outputs,Outputs" defaultvalue="PWM"/>
		<field name="AuxPort" units="function" type="enum" elements="1" options="Disabled,S.Bus,DSM2,DSMX (10bit),DSMX (11bit),ComAux,ComBridge" defaultvalue="Disabled"/>		
		<field name="TelemetryPort" units="function" type="enum" elements="1" options="Disabled,Telemetry,ComAux,ComBridge" defaultvalue="Telemetry"/>
		<field name="GPSPort" units="function" type="enum" elements="1" options="Disabled,Telemetry,GPS,ComAux,ComBridge" defaultvalue="GPS"/>

		<field name="USB_HIDPort" units="function" type="enum" elements="1" options="USBTelemetry,RCTransmitter,Disabled" defaultvalue="USBTelemetry"/>
		<field name="USB_VCPPort" units="function" type="enum" elements="1" options="USBTelemetry,ComBridge,DebugConsole,Disabled" defaultvalue="Disabled"/>

		<field name="DSMxBind" units=""  type="uint8"  elements="1" defaultvalue="0"/>

		<field name="GyroRange" units="deg/s" type="enum" elements="1" options="250,500,1000,2000" defaultvalue="500"/>
		<field name="AccelRange" units="*gravity m/s^2" type="enum" elements="1" options="2G,4G,8G,16G" defaultvalue="8G"/>

		<access gcs="readwrite" flight="readwrite"/>
		<telemetrygcs acked="true" updatemode="onchange" period="0"/>
		<telemetryflight acked="true" updatemode="onchange" period="0"/>
		<logging updatemode="manual" period="0"/>
    </object>
</xml>
